"source","destination","class"
"/Game/Blueprints/AI/CAI_E_AttackPoint","/Game/Blueprints/AI/ENUM_AttackPoint","UserDefinedEnum"
"/Game/Blueprints/AI/CAI_BPI_Combat","/Game/Blueprints/AI/BPI_Combat","Blueprint"
"/Game/Blueprints/AI/CAI_ANS_HitDetection","/Game/Blueprints/AI/ANS_MeleeHitDetection","Blueprint"
"/Game/Blueprints/AI/CAI_CombatComponent","/Game/Blueprints/AI/AC_Combat","Blueprint"
"/Game/Blueprints/AI/Melee/CAI_AIC_Enemy","/Game/Blueprints/AI/Melee/BP_MeleeAIController","Blueprint"
"/Game/Blueprints/AI/Melee/CAI_BP_Enemy","/Game/Blueprints/AI/Melee/BP_MeleeNPC","Blueprint"
"/Game/Blueprints/AI/Melee/BT/CAI_BT_Enemy","/Game/Blueprints/AI/Melee/BT/BT_Melee","BehaviorTree"
"/Game/Blueprints/AI/Melee/BT/CAI_BTTask_MoveToPlayer","/Game/Blueprints/AI/Melee/BT/BTT_Melee_MoveToPlayer","Blueprint"
"/Game/Blueprints/AI/Melee/BT/CAI_BTTask_Move","/Game/Blueprints/AI/Melee/BT/BTT_Melee_Move","Blueprint"
"/Game/Blueprints/AI/Melee/BT/CAI_BTTask_Attack","/Game/Blueprints/AI/Melee/BT/BTT_Melee_Attack","Blueprint"
"/Game/Blueprints/AI/Melee/BT/CAI_BB_Enemy","/Game/Blueprints/AI/Melee/BT/BB_Melee","BlackboardData"
"/Game/Blueprints/AI/Melee/Spawner/CAI_BP_EnemySpawner","/Game/Blueprints/AI/Melee/Spawner/BP_MeleeSpawner","Blueprint"
"/Game/Blueprints/AI/Shooter/EQS/EnvQueryContext_Target","/Game/Blueprints/AI/Shooter/EQS/EQC_ShooterTarget","Blueprint"
"/Game/Blueprints/AI/Shooter/StateTree/StateTreeTask_ShootAtTarget","/Game/Blueprints/AI/Shooter/StateTree/STT_Shooter_ShootAtTarget","Blueprint"
"/Game/Blueprints/AI/Shooter/StateTree/StateTreeTask_SetRandomFloat","/Game/Blueprints/AI/Shooter/StateTree/STT_Shooter_SetRandomFloat","Blueprint"
"/Game/Blueprints/AI/Shooter/StateTree/StateTreeTask_SenseEnemies","/Game/Blueprints/AI/Shooter/StateTree/STT_Shooter_SenseEnemies","Blueprint"
"/Game/Blueprints/AI/Shooter/StateTree/StateTreeTask_FaceLocation","/Game/Blueprints/AI/Shooter/StateTree/STT_Shooter_FaceLocation","Blueprint"
"/Game/Blueprints/AI/Shooter/StateTree/StateTreeTask_FaceActor","/Game/Blueprints/AI/Shooter/StateTree/STT_Shooter_FaceActor","Blueprint"
"/Game/Blueprints/AI/Shooter/StateTree/StateTreeCondition_HasLineOfSightToTarget","/Game/Blueprints/AI/Shooter/StateTree/STC_Shooter_HasLineOfSightToTarget","Blueprint"
"/Game/Blueprints/AI/Training/BP_EnemyTester","/Game/Blueprints/AI/Training/BP_TrainingEnemyTester","Blueprint"
"/Game/Blueprints/AI/Training/BP_Enemy","/Game/Blueprints/AI/Training/BP_TrainingEnemy","Blueprint"
"/Game/Blueprints/Components/Player/AC_TurnInPlace-depracated","/Game/Blueprints/Components/Player/AC_TurnInPlace_Deprecated","Blueprint"
"/Game/Blueprints/Interfaces/INT_Interaction","/Game/Blueprints/Interfaces/BPI_Interaction","Blueprint"
"/Game/Blueprints/Interfaces/INT_Animations","/Game/Blueprints/Interfaces/BPI_Animations","Blueprint"
"/Game/Blueprints/Player/Camera/CameraShakes/B_FireWeaponShake","/Game/Blueprints/Player/Camera/CameraShakes/CS_WeaponFire","Blueprint"
"/Game/Blueprints/Player/Camera/CameraShakes/BP_Notify_CameraShake","/Game/Blueprints/Player/Camera/CameraShakes/AN_CameraShake","Blueprint"
"/Game/Blueprints/Player/Camera/CameraShakes/BP_CameraShake_Walk","/Game/Blueprints/Player/Camera/CameraShakes/CS_Walk","Blueprint"
"/Game/Blueprints/Player/Camera/CameraShakes/BP_CameraShake_Run","/Game/Blueprints/Player/Camera/CameraShakes/CS_Run","Blueprint"
"/Game/Blueprints/TimeReverse/Enemies/BP_EnemyReverseComponent","/Game/Blueprints/TimeReverse/Enemies/AC_EnemyReverse","Blueprint"
"/Game/Blueprints/Types/Enums/ENUM_StrenghtSwap","/Game/Blueprints/Types/Enums/ENUM_StrengthSwap","UserDefinedEnum"
"/Game/Blueprints/Types/Structs/ST_RecoilValues","/Game/Blueprints/Types/Structs/S_RecoilValues","UserDefinedStruct"
"/Game/Blueprints/Types/Structs/ST_ProceduralWeaponValues","/Game/Blueprints/Types/Structs/S_ProceduralWeaponValues","UserDefinedStruct"
"/Game/Blueprints/Types/Structs/ST_PickupSpawn","/Game/Blueprints/Types/Structs/S_PickupSpawn","UserDefinedStruct"
"/Game/Blueprints/Types/Structs/ST_LocomotionDirection","/Game/Blueprints/Types/Structs/S_LocomotionDirection","UserDefinedStruct"
"/Game/Blueprints/Types/Structs/ST_ItemPickup","/Game/Blueprints/Types/Structs/S_ItemPickup","UserDefinedStruct"
"/Game/Blueprints/Types/Structs/ST_Item","/Game/Blueprints/Types/Structs/S_Item","UserDefinedStruct"
"/Game/Blueprints/Types/Structs/ST_FireAnimValues","/Game/Blueprints/Types/Structs/S_FireAnimValues","UserDefinedStruct"
"/Game/Blueprints/Types/Structs/ST_Attachments","/Game/Blueprints/Types/Structs/S_Attachments","UserDefinedStruct"
"/Game/Blueprints/Weapons/Player/DT_ProceduralAnimValues","/Game/Blueprints/Weapons/Player/PDA_ProceduralAnimValues","Blueprint"
"/Game/Blueprints/Weapons/Player/DT_Item","/Game/Blueprints/Weapons/Player/PDA_Item","Blueprint"
"/Game/Blueprints/Weapons/Player/Granade/BP_Weapon_Pickup_Granade","/Game/Blueprints/Weapons/Player/Grenade/BP_Weapon_Pickup_Grenade","Blueprint"
"/Game/Blueprints/Weapons/Player/Granade/BP_Weapon_Granade","/Game/Blueprints/Weapons/Player/Grenade/BP_Weapon_Grenade","Blueprint"
"/Game/Blueprints/Weapons/Player/Granade/BP_GranadeProjectile","/Game/Blueprints/Weapons/Player/Grenade/BP_GrenadeProjectile","Blueprint"
"/Game/Data/Weapons/Player/AmericanRifle/DT_RifleAnimationValues","/Game/Data/Weapons/Player/AmericanRifle/DA_RifleAnimationValues","DT_ProceduralAnimValues_C"
"/Game/Data/Weapons/Player/Granade/DT_GranadeAnimationValues","/Game/Data/Weapons/Player/Grenade/DA_GrenadeAnimationValues","DT_ProceduralAnimValues_C"
"/Game/Data/Weapons/Player/HeavyPistol/DT_HeavyPistolAnimationValues","/Game/Data/Weapons/Player/HeavyPistol/DA_HeavyPistolAnimationValues","DT_ProceduralAnimValues_C"
"/Game/Data/Weapons/Player/Knife/DT_KnifeAnimationValues","/Game/Data/Weapons/Player/Knife/DA_KnifeAnimationValues","DT_ProceduralAnimValues_C"
"/Game/Data/Weapons/Player/Pistol/DT_PistolAnimationValues","/Game/Data/Weapons/Player/Pistol/DA_PistolAnimationValues","DT_ProceduralAnimValues_C"
"/Game/Data/Weapons/Player/Shotgun/DT_ShotgunAnimationValues","/Game/Data/Weapons/Player/Shotgun/DA_ShotgunAnimationValues","DT_ProceduralAnimValues_C"
"/Game/Data/Weapons/Player/Sniper/DT_SniperAnimationValues","/Game/Data/Weapons/Player/Sniper/DA_SniperAnimationValues","DT_ProceduralAnimValues_C"
"/Game/Data/Weapons/Player/WeaponBases/DT_MeleeAnimationValues","/Game/Data/Weapons/Player/WeaponBases/DA_MeleeAnimationValues","DT_ProceduralAnimValues_C"
"/Game/UI/AI/CAI_W_PlayerHealth","/Game/UI/AI/WBP_MeleePlayerHealth","WidgetBlueprint"
"/Game/UI/AI/CAI_W_EnemyHealth","/Game/UI/AI/WBP_MeleeEnemyHealth","WidgetBlueprint"
"/Game/UI/AI/CAI_W_Controls","/Game/UI/AI/WBP_MeleeControls","WidgetBlueprint"
